chr	event	gene_name
chr2	GAIN	REL
chr2	GAIN	ALK
chr3	HETD	PBRM1
chr14	AMP	DICER1
chr2	GAIN	SF3B1
chr13	HETD	FLT3
chrX	HETD	PHF6
chr13	HETD	LATS2
chrX	HETD	SMC1A
chrX	HETD	KDM5C
chrX	HETD	SSX2
chrX	HETD	FOXO4
chr2	GAIN	CUL3
chr3	HETD	FANCD2
chr19	HETD	ERCC2
chr13	HETD	RB1
chr3	HETD	SETD2
chr3	HETD	EPHA3
chr13	HETD	ZMYM2
chr2	GAIN	ACSL3
chr2	GAIN	FEV
chr3	HETD	ROBO2
chr3	HETD	RPN1
chr3	HETD	MLF1
chrX	HETD	SSX1
chr2	GAIN	BARD1
chr2	GAIN	SOS1
chr2	HETD	ACKR3
chr3	HETD	SRGAP3
chr19	HETD	CIC
chr3	HETD	FHIT
chr19	HETD	BAX
chr2	GAIN	PAX8
chr19	AMP	CD209
chrX	HETD	MED12
chr2	GAIN	FBXO11
chr3	HETD	CCR4
chr9	AMP	RXRA
chr13	HETD	SOX21
chrX	HETD	KDM6A
chr19	AMP	MLLT1
chr19	AMP	DNM2
chr13	HETD	LHFPL6
chr18	HLAMP2	BCL2
chr3	HETD	RAF1
chr18	HLAMP2	SS18
chr9	HETD	GNAQ
chr2	GAIN	AFF3
chr9	HETD	XPA
chrX	HETD	BCOR
chr2	GAIN	ATIC
chr19	HETD	TFPT
chrX	HETD	DCAF12L2
chr14	AMP	TRIP11
chr19	HETD	ZNF331
chr13	HETD	GPC5
chr2	GAIN	EML4
chr2	GAIN	DNMT3A
chr2	GAIN	MSH6
chr13	HETD	CYSLTR2
chr3	HETD	VHL
chr19	AMP	CALR
chrX	HETD	BTK
chr9	AMP	NUP214
chr9	AMP	NOTCH1
chr2	GAIN	CXCR4
chr3	HETD	TP63
chr2	GAIN	CASP8
chr2	GAIN	CD28
chr9	AMP	TAL2
chr3	HETD	MB21D2
chr19	AMP	MAP2K2
chr3	HETD	CACNA1D
chr2	GAIN	EPAS1
chr9	HETD	NTRK2
chr3	HETD	CBLB
chr3	HETD	MUC4
chr3	HETD	MITF
chrX	HETD	AMER1
chr3	HETD	POLQ
chr3	HETD	FBLN2
chr13	HETD	FOXO1
chr2	GAIN	BCL11A
chr9	AMP	TNC
chr3	HETD	GSK3B
chr3	HETD	FOXL2
chr2	GAIN	ACVR2A
chr18	HLAMP2	MALT1
chr3	HETD	TFG
chr2	GAIN	NCOA1
chrX	HETD	USP9X
chr2	GAIN	RANBP2
chr9	AMP	RALGDS
chr3	HETD	RHOA
chr9	AMP	ABL1
chrX	HETD	SSX4
chr3	HETD	PPARG
chr3	HETD	CTNNB1
chr19	AMP	TPM4
chrX	HETD	ATRX
chr2	GAIN	WDCP
chr9	HETD	SYK
chr2	GAIN	STRN
chr13	HETD	CDX2
chr19	AMP	SMARCA4
chrX	HETD	MSN
chr18	HLAMP2	KDSR
chr2	GAIN	MSH2
chr3	HETD	PIK3CB
chr19	AMP	GNA11
chr19	AMP	LYL1
chr3	HETD	PIK3CA
chr2	GAIN	LRP1B
chr13	HETD	ERCC5
chr2	GAIN	ERCC3
chr2	GAIN	PMS1
chr2	GAIN	IDH1
chrX	HETD	GATA1
chrX	HETD	WAS
chr3	HETD	TGFBR2
chr14	AMP	GOLGA5
chr3	HETD	GMPS
chr9	HETD	PTCH1
chr14	AMP	AKT1
chr3	HETD	BCL6
chr3	HETD	STAG1
chr18	HLAMP2	DCC
chr2	GAIN	DCTN1
chr2	GAIN	MYCN
chr3	HETD	SOX2
chr3	HETD	MECOM
chr9	AMP	PPP6C
chr19	HETD	CNOT3
chr10	HETD	ZEB1
chr3	HETD	GATA2
chr2	GAIN	BIRC6
chr2	GAIN	COL3A1
chr3	HETD	LPP
chr9	HETD	WNK2
chr19	AMP	JAK3
chr2	GAIN	ASXL2
chr3	HETD	TBL1XR1
chr19	HETD	ARHGAP35
chrX	HETD	RBM10
chr2	GAIN	CREB1
chr19	AMP	VAV1
chrX	HETD	ARAF
chr13	HETD	LCP1
chr9	HETD	OMD
chr9	AMP	SET
chr3	HETD	ATR
chr3	HETD	XPC
chr3	HETD	MYD88
chr2	GAIN	XPO1
chrX	HETD	SEPT6
chr3	HETD	FOXP1
chr9	AMP	CNTRL
chr2	GAIN	HOXD11
chr18	HLAMP2	SMAD2
chr2	GAIN	TMEM127
chrX	HETD	STAG2
chr13	HETD	NBEA
chr9	AMP	BRD3
chrX	HETD	ZRSR2
chr19	HETD	BCL2L12
chrX	HETD	IRS4
chr2	GAIN	ERBB4
chr9	HETD	FANCC
chr3	HETD	MLH1
chrX	HETD	DDX3X
chr2	GAIN	PAX3
chr19	AMP	MUC16
chr3	HETD	IGF2BP2
chr2	GAIN	NFE2L2
chr2	GAIN	CTNNA2
chr19	AMP	KEAP1
chr14	AMP	HSP90AA1
chrX	HETD	GPC3
chr3	HETD	NCKIPSD
chr3	HETD	ETV5
chrX	HETD	EIF1AX
chr3	HETD	WWTR1
chr10	HETD	KIF5B
chr3	HETD	BAP1
chrX	HETD	BCORL1
chrX	HETD	ATP2B3
chr13	HETD	BRCA2
chr18	HLAMP2	SMAD4
chr9	AMP	TSC1
chr19	AMP	DNAJB1
chrX	HETD	ELF4
chr2	GAIN	HOXD13
chr3	HETD	CNBP
chr19	AMP	SH3GL1
chrX	HETD	AR
chr18	HLAMP2	SETBP1
chr3	HETD	EIF4A2
chr3	HETD	MAP3K13
chrX	HETD	TMSB4X
chr19	AMP	PRKACA
chr19	AMP	BRD4
chr2	GAIN	ACVR1
chrX	HETD	ZMYM3
chr2	GAIN	RGPD3
chrX	HETD	FAM47C
chr2	GAIN	SIX2
chr2	GAIN	ITGAV
chr9	AMP	KLF4
chrX	HETD	TFE3
chr3	HETD	TFRC
chr18	HLAMP2	ZNF521
chr9	HETD	NR4A3
chrX	HETD	NONO
